"Hash","Recipe"
"E53421C7B08C9B01B0ABFD90A0270F512A857A78243CB84448D2A0BE3E60D46A","cut-front.white.json"
"78BE4D88371A0140408645DF8579A411AF71DAFF094230C364E3952D1B18D023","cut-side.white.json"
"8BAEED4E0AD4063B201B9C46FC991258AF78941CCFB14DB5AE2B0A4B5944B0A9","cut.white.json"
"D7F48708284D0CD5453F472C8F73FF6FE710F85258E292B3562DE00306E29ABE","detail-17.white.json"
"E7791008F323754E7C7D53A194908094AAD310D064195095F844FED64D860D20","detail-18.white.json"
"CF6AE509CACBAC821ADAA66CAF21F2DA83CC92A95D3DAE76BE3AF7C95E0C4763","flat-base-front.white.json"
"F0672E7D968F8F0AEFEF88A2F3FF0C686B9D0FB6F3174617EAA74FC240E4D766","flat-base-side.white.json"
"4AC2CF0A20BC7A9D22304F11FD79E409F4D2204663CE35E830E46BB37F762814","flat-base.white.json"
"7CDF2FE4FE1E32DB82D48858CE406CF2EDFC2222113AAA05838D6E1AFCB914F6","fusion-front.white.json"
"EFF85B0A02DD04AD98323B29EFF2B12CBA4380D70CE29165C230589F59AE298C","fusion-side.white.json"
"F3E5926B3C7201D0E7EAD41814C3B94DB776AFCF0F834159F00D218B661E2A7B","fusion.white.json"
"2A6E78F91ED67A0D198C922F13AC5C2CAA6511DA3227F05EE646F429E89C8990","tall-front.white.json"
"E791892D1AB3BFC5161036777C38C94BF61BC39A8E7EF059747F4CD32B9AFE7A","tall-side.white.json"
"BA5FFE89F25AD9945868CF56CAC1840072BDE4E87DA170143B182EA1702DECCB","tall.white.json"
"E35EEFC2A3F84DC1037C9911BEA607087A78470F28F998140A8597E26E4090A7","wide-front.white.json"
"142838B1549A787A9B4A25EAA24553FA78A5DACE29453C31A4EC3B07EDED73CB","wide-side.white.json"
"53B5649ED0CC6FE8563E040FF2B17D54D282346A4376CC3FB4C8AE14A83E38AC","wide.white.json"
